{
  "filmes_marvel": [
    {
      "titulo": "Homem-Aranha: Sem Volta para Casa",
      "ano_lancamento": 2021,
      "diretor": "Jon Watts",
      "atores": ["Tom Holland", "Zendaya", "Benedict Cumberbatch"],
      "sinopse": "Peter Parker tenta lidar com sua identidade como Homem-Aranha enquanto enfrenta vilões de realidades alternativas.",
      "avaliacao": 8.0,
      "img": "https://img.elo7.com.br/product/zoom/3E882CA/big-poster-filme-homem-aranha-sem-volta-para-casa-90x60-cm-1-poster-geek.jpg"
    },
    {
      "titulo": "Pantera Negra",
      "ano_lancamento": 2018,
      "diretor": "Ryan Coogler",
      "atores": ["Chadwick Boseman", "Michael B. Jordan", "Lupita Nyong'o"],
      "sinopse": "T'Challa retorna a Wakanda para assumir o trono após a morte de seu pai, o rei.",
      "avaliacao": 7.3,
      "img": "https://image.tmdb.org/t/p/w600_and_h900_bestv2/9WRfiLhrkG3SlCYgpL7ytYL6idU.jpg"
    },
    {
      "titulo": "Vingadores: Ultimato",
      "ano_lancamento": 2019,
      "diretor": "Anthony Russo, Joe Russo",
      "atores": ["Robert Downey Jr.", "Chris Evans", "Scarlett Johansson"],
      "sinopse": "Os Vingadores tentam reverter os danos causados por Thanos e restaurar a ordem no universo.",
      "avaliacao": 8.4,
      "img": "https://br.web.img3.acsta.net/pictures/19/04/26/17/30/2428965.jpg"
    },
    {
      "titulo": "Vingadores: Guerra Infinita",
      "ano_lancamento": 2018,
      "diretor": "Anthony Russo, Joe Russo",
      "atores": ["Robert Downey Jr.", "Chris Hemsworth", "Mark Ruffalo"],
      "sinopse": "Os Vingadores e seus aliados devem estar dispostos a sacrificar tudo em uma tentativa de derrotar o poderoso Thanos.",
      "avaliacao": 8.4,
      "img": "https://uauposters.com.br/media/catalog/product/2/0/201906131083-uau-posters-filmes-avengers-infinity-war-vingadores-guerra-infinita.jpg"
    },
    {
      "titulo": "Capitão América: O Primeiro Vingador",
      "ano_lancamento": 2011,
      "diretor": "Joe Johnston",
      "atores": ["Chris Evans", "Hayley Atwell", "Sebastian Stan"],
      "sinopse": "Steve Rogers se voluntaria para participar de um experimento que o transforma no super-soldado conhecido como Capitão América.",
      "avaliacao": 6.9,
      "img": "https://upload.wikimedia.org/wikipedia/pt/d/d8/Capit%C3%A3o_Am%C3%A9rica_O_Primeiro_Vingador_-_Poster.jpg"
    },
    {
      "titulo": "Doutor Estranho",
      "ano_lancamento": 2016,
      "diretor": "Scott Derrickson",
      "atores": ["Benedict Cumberbatch", "Chiwetel Ejiofor", "Rachel McAdams"],
      "sinopse": "Um cirurgião com talento, mas arrogante, descobre um mundo de magia e dimensões alternativas após um acidente terrível.",
      "avaliacao": 7.5,
      "img": "https://upload.wikimedia.org/wikipedia/pt/thumb/c/c7/Doctor_Strange_poster.jpg/250px-Doctor_Strange_poster.jpg"
    },
    {
      "titulo": "Homem de Ferro",
      "ano_lancamento": 2008,
      "diretor": "Jon Favreau",
      "atores": ["Robert Downey Jr.", "Gwyneth Paltrow", "Jeff Bridges"],
      "sinopse": "Tony Stark constrói uma armadura de alta tecnologia e se torna o Homem de Ferro para combater o mal.",
      "avaliacao": 7.9,
        "img": "https://br.web.img3.acsta.net/medias/nmedia/18/91/79/19/20163665.jpg"
    },
    {
      "titulo": "Homem-Aranha 2",
      "ano_lancamento": 2002,
      "diretor": "Sam Raimi",
      "atores": ["Tobey Maguire", "Kirsten Dunst", "Willem Dafoe"],
      "sinopse": "Peter Parker, um estudante comum, desenvolve habilidades extraordinárias após ser picado por uma aranha geneticamente modificada.",
      "avaliacao": 7.3,
      "img": "https://universohq.com/wp-content/uploads/2014/03/SpiderMan2Poster01.jpg"
    },
    {
      "titulo": "Deadpool",
      "ano_lancamento": 2016,
      "diretor": "Tim Miller",
      "atores": ["Ryan Reynolds", "Morena Baccarin", "Ed Skrein"],
      "sinopse": "Um ex-agente das Forças Especiais que se torna mercenário é submetido a um experimento ilegal que o deixa com poderes de cura acelerada.",
      "avaliacao": 8.0,
      "img": "https://upload.wikimedia.org/wikipedia/pt/3/3b/Deadpool_2016.jpg"
    }
  ]
}
