{
  "herois_marvel": [
    {
      "nome": "Homem de Ferro",
      "identidade_secreta": "Tony Stark",
      "descricao": "Um g nio bilion rio, playboy, filantropo e inventor que cria uma armadura de alta tecnologia para combater o mal.",
      "filmes": ["Homem de Ferro", "Os Vingadores", "Vingadores: Ultimato"],
      "poderes": ["Intelig ncia genial", "Engenharia", "Armadura tecnol gica"],
      "avaliacao": 8.0,
"img": "https://wallpapers.com/images/hd/iron-man-s-armor-tzrb2u1ocmpb7yw3.jpg"
    },
    {
      "nome": "Capitao America",
      "identidade_secreta": "Steve Rogers",
      "descricao": "Um super-soldado da Segunda Guerra Mundial que foi aprimorado com um soro experimental para se tornar o s mbolo da liberdade americana.",
      "filmes": ["Capit o Am rica: O Primeiro Vingador", "Os Vingadores", "Vingadores: Ultimato"],
      "poderes": ["For a sobre-humana", "Agilidade", "Habilidades de lideran a"],
      "avaliacao": 7.5,
"img": "https://i.pinimg.com/originals/e2/f6/39/e2f639bd51cbf95915aa13cff57a8c3b.jpg"
    },
    {
      "nome": "Viuva Negra",
      "identidade_secreta": "Natasha Romanoff",
      "descricao": "Uma espi  habilidosa e assassina treinada desde jovem pela KGB, que se torna uma agente da S.H.I.E.L.D.",
      "filmes": ["Homem de Ferro 2", "Os Vingadores", "Viuva Negra"],
      "poderes": ["Habilidades de combate", "Mestre do disfarce", "Especialista em armas"],
      "avaliacao": 7.6,
"img": "https://i.pinimg.com/236x/f1/5d/07/f15d077fedc9e49c7e90c38659fef343.jpg"
    },
    {
      "nome": "Pantera Negra",
      "identidade_secreta": "T'Challa",
      "descricao": "O rei de Wakanda, um pa s tecnologicamente avan ado que esconde sua verdadeira natureza do resto do mundo.",
      "filmes": ["Pantera Negra", "Vingadores: Guerra Infinita", "Vingadores: Ultimato"],
      "poderes": ["For a sobre-humana", "Agilidade", "Habilidades de combate"],
      "avaliacao": 7.7,
"img": "https://encrypted-tbn0.gstatic.com/images?q=tbn:ANd9GcRiXfpTu6symu6fjiIntCFvtFiOu1d3QVkzxg&s"
    },
    {
      "nome": "Homem-Aranha",
      "identidade_secreta": "Peter Parker",
      "descricao": "Um estudante do ensino m dio que adquire habilidades de aranha ap s ser picado por uma aranha geneticamente modificada.",
      "filmes": ["Homem-Aranha: De Volta ao Lar", "Homem-Aranha: Longe de Casa", "Homem-Aranha: Sem Volta para Casa"],
      "poderes": ["For a proporcional de uma aranha", "Agilidade", "Sentido aranha"],
      "avaliacao": 7.9,
"img": "https://i.pinimg.com/736x/05/6b/ef/056bef7fea375bffa3f9bc3d9be9e387.jpg"
    },
    {
      "nome": "Doutor Estranho",
      "identidade_secreta": "Stephen Strange",
      "descricao": "Um neurocirurgi o arrogante que, ap s um acidente de carro, descobre as artes m sticas e se torna o Mago Supremo da Terra.",
      "filmes": ["Doutor Estranho", "Vingadores: Guerra Infinita", "Doutor Estranho no Multiverso da Loucura"],
      "poderes": ["Magia", "Manipula  o de energia", "Viagem dimensional"],
      "avaliacao": 7.5,
"img": "https://i.pinimg.com/236x/ff/7b/19/ff7b1998e1f5cf9441759c7a1cec3eac.jpg"
    },
    {
      "nome": "Feiticeira Escarlate",
      "identidade_secreta": "Wanda Maximoff",
      "descricao": "Uma mutante com poderes telecin ticos e de manipula  o da realidade, que se torna uma poderosa Vingadora.",
      "filmes": ["Vingadores: Era de Ultron", "Vingadores: Guerra Infinita", "WandaVision"],
      "poderes": ["Telecinese", "Manipula  o da realidade", "Proje  o de energia"],
      "avaliacao": 7.4,
"img": "https://i.pinimg.com/736x/24/26/41/2426411a73072d807b62de993873ddeb.jpg"
    }
  ]
}
